id,name,model_id:id,group_id:id,perm_read,perm_write,perm_create,perm_unlink
property_management_newupdates.access_property_management,access_property_management,property_management_newupdates.model_property_management,base.group_user,1,1,1,1
property_management_newupdates.access_apartments_management,access_apartments_management,property_management_newupdates.model_apartments_management,base.group_user,1,1,1,1
property_management_newupdates.access_contract_management,access_contract_management,property_management_newupdates.model_contract_management,base.group_user,1,1,1,1
property_management_newupdates.access_check_list,access_check_list,property_management_newupdates.model_check_list,base.group_user,1,1,1,1
