<?xml version="1.0" encoding="utf-8"?>
<odoo>
    <data noupdate="1">
        <!--        <record id="contract_renewal_email_template" model="mail.template">-->
        <!--            <field name="name">Contract Renewal Reminder Email Template</field>-->
        <!--            <field name="model_id" ref="property_management_newupdates.model_contract_management"/>-->
        <!--            <field name="email_from">${object.email_from.email_formatted |safe}</field>-->
        <!--            <field name="email_to">${object.email_to}</field>-->
        <!--            <field name="subject">Contract Renewal Reminder: ${object.property_id.name}</field>-->
        <!--            <field name="body_html" type="html">-->
        <!--                <div style="margin: 0; padding: 0;">-->
        <!--                    <p>Dear ${object.partner_id.name},</p>-->
        <!--                    <p>This is a reminder that the contract for property <strong>${object.property_id.name}</strong> is-->
        <!--                        expiring on <strong>${object.contract_end_date}</strong>.-->
        <!--                    </p>-->
        <!--                    <p>We kindly request you to renew the contract as soon as possible to avoid any interruptions.</p>-->
        <!--                    <p>Thank you.</p>-->
        <!--                </div>-->
        <!--            </field>-->
        <!--        </record>-->

        <record id="hello_world" model="mail.template">
            <field name="name">Hello world</field>
            <field name="model_id" ref="property_management_newupdates.model_contract_management"/>
            <field name="subject">Contract Renewal Reminder: ${object.property_id.name}</field>
            <field name="email_from">${object.email_from}</field>
            <field name="email_to">${object.email_to}</field>
            <field name="description">Set this template on a project's stage to automate email when tasks reach stages
            </field>
            <field name="body_html" type="html">
                <div>
                    <p>Dear Insider,</p>

                    <p>We hope this email finds you well.</p>

                    <p>We'd like to remind you that the contract for property <strong>${object.property_id.name}
                    </strong> is nearing its expiration date. It's essential to ensure uninterrupted service and
                        compliance.
                    </p>

                    <p>We kindly request your attention to renew the contract at your earliest convenience. If you have
                        any questions or need assistance, please don't hesitate to reach out to us. Our team is here to
                        support you.
                    </p>

                    <p>Thank you for your cooperation.</p>

                    <p>Best regards,</p>
                    <p>$(object.property_id.name} Management Team</p>
                </div>

            </field>
            <!--            <field name="lang">{{ object.partner_id.lang or object.user_id.lang or user.lang }}</field>-->
            <field name="contract_report_template" ref="maintenance_user_report_service_details"/>
            <field name="report_name_contract">Contract Renew Mail_${(object.id)}</field>
            <field name="auto_delete" eval="True"/>
        </record>
    </data>
</odoo>

